{"cameraMode":{"drawMode":0,"name":"Shaded","section":"Shading Mode"},"sceneLighting":true,"audioPlay":false,"sceneViewState":{"showFog":true,"showMaterialUpdate":false,"showSkybox":true,"showFlares":true,"showImageEffects":true,"showParticleSystems":true},"in2DMode":false,"pivot":{"x":20.865156173706056,"y":4.719880104064941,"z":20.459423065185548},"rotation":{"x":-0.06824042648077011,"y":0.9315918684005737,"z":-0.24315841495990754,"w":-0.26144593954086306},"size":17.03994369506836,"orthographic":false}