{"cameraMode":{"drawMode":0,"name":"Shaded","section":"Shading Mode"},"sceneLighting":true,"audioPlay":false,"sceneViewState":{"showFog":true,"showMaterialUpdate":false,"showSkybox":true,"showFlares":true,"showImageEffects":true,"showParticleSystems":true},"in2DMode":false,"pivot":{"x":45.377620697021487,"y":-2.6989126205444338,"z":13.550522804260254},"rotation":{"x":-0.4535047709941864,"y":-0.061404041945934299,"z":0.031340498477220538,"w":-0.8885836005210877},"size":22.470436096191408,"orthographic":false}