{"cameraMode":{"drawMode":0,"name":"Shaded","section":"Shading Mode"},"sceneLighting":true,"audioPlay":false,"sceneViewState":{"showFog":true,"showMaterialUpdate":false,"showSkybox":true,"showFlares":true,"showImageEffects":true,"showParticleSystems":true},"in2DMode":false,"pivot":{"x":16.771936416625978,"y":-7.721162796020508,"z":24.008934020996095},"rotation":{"x":0.3725145161151886,"y":-0.42495957016944888,"z":0.1976361870765686,"w":0.8009882569313049},"size":33.276771545410159,"orthographic":false}