{"cameraMode":{"drawMode":0,"name":"Shaded","section":"Shading Mode"},"sceneLighting":true,"audioPlay":false,"sceneViewState":{"showFog":true,"showMaterialUpdate":false,"showSkybox":true,"showFlares":true,"showImageEffects":true,"showParticleSystems":true},"in2DMode":false,"pivot":{"x":17.89415740966797,"y":-0.8388519287109375,"z":-19.824100494384767},"rotation":{"x":-0.08081894367933274,"y":0.9165034890174866,"z":-0.31117498874664309,"w":-0.23803341388702393},"size":13.810648918151856,"orthographic":false}