{"cameraMode":{"drawMode":0,"name":"Shaded","section":"Shading Mode"},"sceneLighting":true,"audioPlay":false,"sceneViewState":{"showFog":true,"showMaterialUpdate":false,"showSkybox":true,"showFlares":true,"showImageEffects":true,"showParticleSystems":true},"in2DMode":false,"pivot":{"x":32.400001525878909,"y":0.25,"z":42.61000061035156},"rotation":{"x":0.20411041378974915,"y":0.762791633605957,"z":-0.28711846470832827,"w":0.5422646999359131},"size":8.899453163146973,"orthographic":false}